	<mobs>
		<npc id="0">
			<hp>0</hp>
			<maxhp>0</maxhp>
			<rewardexp>0</rewardexp>
			<drop>n</drop>
			<name>Nothing</name>
			<atk>0</atk>
			<accuracy>0</accuracy>
			<friendly>True</friendly>
			<faction>Monsters</faction>
			<spawnonce>False</spawnonce>
		</npc>
		<npc id="1">
			<hp>30</hp>
			<maxhp>30</maxhp>
			<rewardexp>15</rewardexp>
			<drop>n</drop>
			<name>Rookie marauder</name>
			<atk>1</atk>
			<accuracy>2</accuracy>
			<friendly>True</friendly>
			<faction>Marauders</faction>
			<spawnonce>False</spawnonce>
		</npc>
		<npc id="2">
			<hp>35</hp>
			<maxhp>35</maxhp>
			<rewardexp>10</rewardexp>
			<drop>n</drop>
			<name>Troll</name>
			<atk>1</atk>
			<accuracy>2</accuracy>
			<friendly>True</friendly>
			<faction>Outlaws</faction>
			<spawnonce>False</spawnonce>
		</npc>
		<npc id="3">
			<hp>40</hp>
			<maxhp>40</maxhp>
			<rewardexp>32</rewardexp>
			<drop>n</drop>
			<name>Goon</name>
			<atk>4</atk>
			<accuracy>5</accuracy>
			<friendly>True</friendly>
			<faction>Marauders</faction>
			<spawnonce>False</spawnonce>
		</npc>
		<npc id="4">
			<hp>42</hp>
			<maxhp>42</maxhp>
			<rewardexp>36</rewardexp>
			<drop>22/1</drop>
			<name>Old pirate</name>
			<atk>5</atk>
			<accuracy>5</accuracy>
			<friendly>True</friendly>
			<faction>Marauders</faction>
			<spawnonce>False</spawnonce>
		</npc>
		<npc id="5">
			<hp>100</hp>
			<maxhp>100</maxhp>
			<rewardexp>36</rewardexp>
			<drop>21/1000</drop>
			<name>Richard</name>
			<atk>11</atk>
			<accuracy>50</accuracy>
			<friendly>True</friendly>
			<faction>Partisans</faction>
			<spawnonce>True</spawnonce>
			<type>QuestMaster</type>
			<qids>0,1</qids>
		</npc>
		<npc id="6">
			<hp>175</hp>
			<maxhp>175</maxhp>
			<rewardexp>50</rewardexp>
			<drop>21/100</drop>
			<name>Orc</name>
			<atk>20</atk>
			<accuracy>25</accuracy>
			<friendly>True</friendly>
			<faction>Outlaws</faction>
			<spawnonce>False</spawnonce>
		</npc>
		<npc id="7">
			<hp>140</hp>
			<maxhp>140</maxhp>
			<rewardexp>30</rewardexp>
			<drop>n</drop>
			<name>Old hunter</name>
			<atk>18</atk>
			<accuracy>20</accuracy>
			<friendly>True</friendly>
			<faction>Outlaws</faction>
			<spawnonce>False</spawnonce>
		</npc>
		<npc id="8">
			<hp>100</hp>
			<maxhp>100</maxhp>
			<rewardexp>36</rewardexp>
			<drop>n</drop>
			<name>Shopkeeper</name>
			<atk>11</atk>
			<accuracy>50</accuracy>
			<friendly>True</friendly>
			<faction>Marauders</faction>
			<type>Trader</type>
			<spawnonce>False</spawnonce>
		</npc>
		<npc id="9">
			<hp>160</hp>
			<maxhp>160</maxhp>
			<rewardexp>36</rewardexp>
			<drop>n</drop>
			<name>Scout</name>
			<atk>5</atk>
			<accuracy>10</accuracy>
			<friendly>True</friendly>
			<faction>Partisans</faction>
			<spawnonce>False</spawnonce>
		</npc>
		<npc id="10">
			<hp>80</hp>
			<maxhp>80</maxhp>
			<rewardexp>36</rewardexp>
			<drop>n</drop>
			<name>Alchemist</name>
			<atk>5</atk>
			<accuracy>5</accuracy>
			<friendly>True</friendly>
			<faction>Partisans</faction>
			<spawnonce>False</spawnonce>
		</npc>
		<npc id="11">
			<hp>300</hp>
			<maxhp>300</maxhp>
			<rewardexp>75</rewardexp>
			<drop>n</drop>
			<name>Butcher</name>
			<atk>35</atk>
			<accuracy>5</accuracy>
			<friendly>True</friendly>
			<faction>Outlaws</faction>
			<spawnonce>False</spawnonce>
		</npc>
		<npc id="12">
			<hp>50</hp>
			<maxhp>50</maxhp>
			<rewardexp>10</rewardexp>
			<drop>n</drop>
			<name>Elder</name>
			<atk>5</atk>
			<accuracy>1</accuracy>
			<friendly>True</friendly>
			<faction>Partisans</faction>
			<spawnonce>False</spawnonce>
		</npc>
		<npc id="13">
			<hp>100</hp>
			<maxhp>100</maxhp>
			<rewardexp>50</rewardexp>
			<drop>n</drop>
			<name>Swen</name>
			<atk>11</atk>
			<accuracy>50</accuracy>
			<friendly>True</friendly>
			<faction>Marauders</faction>
			<spawnonce>1</spawnonce>
		</npc>
		<npc id="14">
			<hp>30</hp>
			<maxhp>30</maxhp>
			<rewardexp>6</rewardexp>
			<drop>n</drop>
			<name>Rat</name>
			<atk>1</atk>
			<accuracy>5</accuracy>
			<friendly>True</friendly>
			<faction>Monsters</faction>
			<spawnonce>False</spawnonce>
		</npc>
		<npc id="15">
			<hp>39</hp>
			<maxhp>39</maxhp>
			<rewardexp>16</rewardexp>
			<drop>n</drop>
			<name>Scorpion</name>
			<atk>4</atk>
			<accuracy>10</accuracy>
			<friendly>True</friendly>
			<faction>Monsters</faction>
			<spawnonce>False</spawnonce>
		</npc>
		<npc id="16">
			<hp>25</hp>
			<maxhp>25</maxhp>
			<rewardexp>11</rewardexp>
			<drop>n</drop>
			<name>Cobra</name>
			<atk>7</atk>
			<accuracy>4</accuracy>
			<friendly>True</friendly>
			<faction>Monsters</faction>
			<spawnonce>False</spawnonce>
		</npc>
		<npc id="17">
			<hp>51</hp>
			<maxhp>51</maxhp>
			<rewardexp>27</rewardexp>
			<drop>n</drop>
			<name>Giant turtle</name>
			<atk>11</atk>
			<accuracy>9</accuracy>
			<friendly>True</friendly>
			<faction>Monsters</faction>
			<spawnonce>False</spawnonce>
		</npc>
		<npc id="18">
			<hp>30</hp>
			<maxhp>30</maxhp>
			<rewardexp>6</rewardexp>
			<drop>n</drop>
			<name>Salamander</name>
			<atk>1</atk>
			<accuracy>5</accuracy>
			<friendly>True</friendly>
			<faction>Monsters</faction>
			<spawnonce>False</spawnonce>
		</npc>
		<npc id="19">
			<hp>15</hp>
			<maxhp>15</maxhp>
			<rewardexp>3</rewardexp>
			<drop>n</drop>
			<name>Bat</name>
			<atk>2</atk>
			<accuracy>15</accuracy>
			<friendly>True</friendly>
			<faction>Monsters</faction>
			<spawnonce>False</spawnonce>
		</npc>
		<npc id="20">
			<hp>43</hp>
			<maxhp>43</maxhp>
			<rewardexp>20</rewardexp>
			<drop>n</drop>
			<name>Ghost</name>
			<atk>10</atk>
			<accuracy>5</accuracy>
			<friendly>True</friendly>
			<faction>Monsters</faction>
			<spawnonce>False</spawnonce>
		</npc>
		<npc id="21">
			<hp>10</hp>
			<maxhp>10</maxhp>
			<rewardexp>0</rewardexp>
			<drop>n</drop>
			<name>Black cat</name>
			<atk>1</atk>
			<accuracy>1</accuracy>
			<friendly>True</friendly>
			<faction>Monsters</faction>
			<spawnonce>False</spawnonce>
		</npc>
		<npc id="22">
			<hp>10</hp>
			<maxhp>10</maxhp>
			<rewardexp>0</rewardexp>
			<drop>n</drop>
			<name>Yellow cat</name>
			<atk>1</atk>
			<accuracy>1</accuracy>
			<friendly>True</friendly>
			<faction>Monsters</faction>
			<spawnonce>False</spawnonce>
		</npc>
		<npc id="23">
			<hp>10</hp>
			<maxhp>10</maxhp>
			<rewardexp>0</rewardexp>
			<drop>n</drop>
			<name>White cat</name>
			<atk>1</atk>
			<accuracy>1</accuracy>
			<friendly>True</friendly>
			<faction>Monsters</faction>
			<spawnonce>False</spawnonce>
		</npc>
		<npc id="24">
			<hp>10</hp>
			<maxhp>10</maxhp>
			<rewardexp>0</rewardexp>
			<drop>n</drop>
			<name>Orange stained cat</name>
			<atk>1</atk>
			<accuracy>1</accuracy>
			<friendly>True</friendly>
			<faction>Monsters</faction>
			<spawnonce>False</spawnonce>
		</npc>
		<npc id="25">
			<hp>10</hp>
			<maxhp>10</maxhp>
			<rewardexp>0</rewardexp>
			<drop>n</drop>
			<name>Brown stained cat cat</name>
			<atk>1</atk>
			<accuracy>1</accuracy>
			<friendly>True</friendly>
			<faction>Monsters</faction>
			<spawnonce>False</spawnonce>
		</npc>
		<npc id="26">
			<hp>111</hp>
			<maxhp>111</maxhp>
			<rewardexp>100</rewardexp>
			<drop>n</drop>
			<name>Besukyl the Demon</name>
			<atk>13</atk>
			<accuracy>25</accuracy>
			<friendly>True</friendly>
			<faction>Monsters</faction>
			<spawnonce>False</spawnonce>
		</npc>
		<npc id="27">
			<hp>26</hp>
			<maxhp>26</maxhp>
			<rewardexp>13</rewardexp>
			<drop>n</drop>
			<name>Ghost</name>
			<atk>4</atk>
			<accuracy>5</accuracy>
			<friendly>True</friendly>
			<faction>Monsters</faction>
			<spawnonce>False</spawnonce>
		</npc>
		<npc id="28">
			<hp>30</hp>
			<maxhp>30</maxhp>
			<rewardexp>8</rewardexp>
			<drop>n</drop>
			<name>Green mold</name>
			<atk>1</atk>
			<accuracy>1</accuracy>
			<friendly>True</friendly>
			<faction>Monsters</faction>
			<spawnonce>False</spawnonce>
		</npc>
		<npc id="29">
			<hp>46</hp>
			<maxhp>46</maxhp>
			<rewardexp>38</rewardexp>
			<drop>n</drop>
			<name>Undead warrior</name>
			<atk>11</atk>
			<accuracy>10</accuracy>
			<friendly>True</friendly>
			<faction>Monsters</faction>
			<spawnonce>False</spawnonce>
		</npc>
		<npc id="30">
			<hp>30</hp>
			<maxhp>30</maxhp>
			<rewardexp>18</rewardexp>
			<drop>n</drop>
			<name>Giant moth</name>
			<atk>8</atk>
			<accuracy>8</accuracy>
			<friendly>True</friendly>
			<faction>Monsters</faction>
			<spawnonce>False</spawnonce>
		</npc>
		<npc id="31">
			<hp>15</hp>
			<maxhp>15</maxhp>
			<rewardexp>4</rewardexp>
			<drop>n</drop>
			<name>Babie giant moth</name>
			<atk>4</atk>
			<accuracy>5</accuracy>
			<friendly>True</friendly>
			<faction>Monsters</faction>
			<spawnonce>False</spawnonce>
		</npc>
		<npc id="32">
			<hp>38</hp>
			<maxhp>38</maxhp>
			<rewardexp>24</rewardexp>
			<drop>n</drop>
			<name>Mutated turtle</name>
			<atk>12</atk>
			<accuracy>12</accuracy>
			<friendly>True</friendly>
			<faction>Monsters</faction>
			<spawnonce>False</spawnonce>
		</npc>
		<npc id="33">
			<hp>30</hp>
			<maxhp>30</maxhp>
			<rewardexp>8</rewardexp>
			<drop>n</drop>
			<name>Yellow mold</name>
			<atk>1</atk>
			<accuracy>1</accuracy>
			<friendly>True</friendly>
			<faction>Monsters</faction>
			<spawnonce>False</spawnonce>
		</npc>
		<npc id="34">
			<hp>30</hp>
			<maxhp>30</maxhp>
			<rewardexp>8</rewardexp>
			<drop>n</drop>
			<name>Red mold</name>
			<atk>1</atk>
			<accuracy>1</accuracy>
			<friendly>True</friendly>
			<faction>Monsters</faction>
			<spawnonce>False</spawnonce>
		</npc>
		<npc id="35">
			<hp>15</hp>
			<maxhp>15</maxhp>
			<rewardexp>5</rewardexp>
			<drop>n</drop>
			<name>Crow</name>
			<atk>3</atk>
			<accuracy>5</accuracy>
			<friendly>True</friendly>
			<faction>Monsters</faction>
			<spawnonce>False</spawnonce>
		</npc>

	</mobs>