	<terrain>
		<tile id="0">
			<name>Grass</name>
			<damage>0</damage>
		</tile>
		<tile id="1">
			<name>Grass with clay</name>
			<damage>0</damage>
			<altitem id="0" inhand="9" item="5" />
		</tile>
		<tile id="2">
			<name>Flint</name>
			<damage>0</damage>
			<altitem id="0" inhand="9" item="9" />
		</tile>
		<tile id="3">
			<name>Sandstone</name>
			<damage>0</damage>
		</tile>
		<tile id="4">
			<name>Sand</name>
			<damage>0</damage>
		</tile>
		<tile id="5">
			<name>Stone floor</name>
			<damage>0</damage>
		</tile>
		<tile id="6">
			<name>Hole in the ground</name>
			<damage>0</damage>
			<oninteract>
				dungeon_descend;
			</oninteract>
		</tile>
		<tile id="7">
			<name>Lightened stone floor</name>
			<damage>0</damage>
		</tile>
		<tile id="8">
			<name>Water</name>
			<damage>0</damage>
			<cover>1</cover>
		</tile>
		<tile id="9">
			<name>Wooden floor</name>
			<damage>0</damage>
		</tile>
		<tile id="10">
			<name>Dirt</name>
			<damage>0</damage>
		</tile>
		<tile id="11">
			<name>Dirt</name>
			<damage>0</damage>
		</tile>
		<tile id="12">
			<name>Stone floor</name>
			<damage>0</damage>
		</tile>
		<tile id="13">
			<name>Stone floor</name>
			<damage>0</damage>
		</tile>
		<tile id="14">
			<name>Stone floor</name>
			<damage>0</damage>
		</tile>
		<tile id="15">
			<name>Plowed dirt</name>
			<damage>0</damage>
		</tile>
		<tile id="16">
			<name>Hole in sand</name>
			<damage>0</damage>
		</tile>
		<tile id="17">
			<name>Mad sand</name>
			<damage>2</damage>
			<cover>1</cover>
		</tile>
		<tile id="18">
			<name>Mixed brick floor</name>
			<damage>0</damage>
		</tile>
		<tile id="19">
			<name>Gray brick floor</name>
			<damage>0</damage>
		</tile>
		<tile id="20">
			<name>Snow</name>
			<damage>0</damage>
		</tile>
		<tile id="21">
			<name>Pile of snow</name>
			<damage>0</damage>
		</tile>
		<tile id="22">
			<name>Lava</name>
			<damage>20</damage>
			<cover>1</cover>
		</tile>
		<tile id="23">
			<name>Dirt</name>
			<damage>0</damage>
		</tile>
		<tile id="24">
			<name>Dirt</name>
			<damage>0</damage>
		</tile>
		<tile id="25">
			<name>Gravel</name>
			<damage>0</damage>
		</tile>
		<tile id="26">
			<name>Stone floor</name>
			<damage>0</damage>
		</tile>
		<tile id="27">
			<name>Stone floor</name>
			<damage>0</damage>
		</tile>
		<tile id="28">
			<name>Stone floor</name>
			<damage>0</damage>
		</tile>
		<tile id="29">
			<name>Gravel</name>
			<damage>0</damage>
		</tile>
		<tile id="30">
			<name>Stone floor</name>
			<damage>0</damage>
		</tile>
		<tile id="31">
			<name>Brick floor</name>
			<damage>0</damage>
		</tile>
		<tile id="32">
			<name>Gravel</name>
			<damage>0</damage>
		</tile>
		<tile id="33">
			<name>Brick floor</name>
			<damage>0</damage>
		</tile>
		<tile id="34">
			<name>Brick floor</name>
			<damage>0</damage>
		</tile>
		<tile id="35">
			<name>Brick floor</name>
			<damage>0</damage>
		</tile>
		<tile id="36">
			<name>Stone plate</name>
			<damage>0</damage>
		</tile>
		<tile id="37">
			<name>Stone plate</name>
			<damage>0</damage>
		</tile>
		<tile id="38">
			<name>Stone plate</name>
			<damage>0</damage>
		</tile>
		<tile id="39">
			<name>Dust</name>
			<damage>0</damage>
		</tile>
		<tile id="40">
			<name>Dust</name>
			<damage>0</damage>
		</tile>
		<tile id="41">
			<name>Dust</name>
			<damage>0</damage>
		</tile>
		<tile id="42">
			<name>Dust</name>
			<damage>0</damage>
		</tile>
		<tile id="43">
			<name>Dust</name>
			<damage>0</damage>
		</tile>
	</terrain>