<worldgen>

	<biome id="-1" name="Default">
		<def_tile id="-1" tid="45" />
	</biome>

	<biome id="0" name="Plains">
		<def_tile id="-1" tid="0" />
		<tile_group id="0" tiles="1,2" zcount="200" />
		<tile_group id="1" tiles="6" zcount="1" />
		<lake id="-1" tid="8" radius="4" modifier="1" from="1" to="27" />
		<object_group id="0" objects="2,30,35,36" zcount="35" />
		<object_group id="1" objects="1,27,28" zcount="20" />
		<object_group id="2" objects="37,4" zcount="30" />
		<object_group id="3" objects="42,41" zcount="15" />
		<cave_tile id="-1" tid="5" />
		<cave_object id="-1" oid="13" />
		<ore id="-1" ids="22,23" maxsize="10" zcount="10" />
		<dungeon id="-1" probability="75" maxroomsize="15" minroomsize="3" tolerance="10" wall_object="13" wall_tile="7" room_tile="12" corridor_tile="5" door_object="11"/>
	</biome>

	<biome id="1" name="Desert">
		<def_tile id="-1" tid="4" />
		<tile_group id="0" tiles="3,4" zcount="100"/>
		<tile_group id="1" tiles="17" zcount="1"/>
		<object_group id="0" objects="10,24" zcount="35" />
		<cave_tile id="-1" tid="5" />
		<cave_object id="-1" oid="13" />
		<ore id="-1" ids="22,23" maxsize="10" zcount="10" />
		<dungeon id="-1" probability="0" />
	</biome>

	<biome id="2" name="Cold plains">
		<def_tile id="-1" tid="20" />
		<tile_group id="0" tiles="21" zcount="25"/>
		<object_group id="0" objects="32,38,33" zcount="30" />
		<cave_tile id="-1" tid="5" />
		<cave_object id="-1" oid="13" />
		<ore id="-1" ids="22,23" maxsize="10" zcount="10" />
		<dungeon id="-1" probability="0" />
	</biome>

	<biome id="3" name="Dead lands">
		<def_tile id="-1" tid="15" />
		<tile_group id="0" tiles="10,11" zcount="100"/>
		<lake id="-1" tid="22" radius="4" modifier="1" from="01" to="027" />
		<object_group id="0" objects="34,33" zcount="30" />
		<object_group id="1" objects="39" zcount="20" />
		<cave_tile id="-1" tid="5" />
		<cave_object id="-1" oid="13" />
		<ore id="-1" ids="22,23" maxsize="10" zcount="10" />
		<dungeon id="-1" probability="0" />
	</biome>

</worldgen>